{
  "method": "Perceptron",
  "language": "mixed",
  "seed": 42,
  "library": "mixed",
  "sample_rate": 24000,
  "sizes": [
    10794,
    65,
    65
  ],
  "score_train": 1.0,
  "score_test": 0.5538461804389954,
  "timestamp": 1624544911.012219,
  "params": {},
  "cv_results": {
    "mean_fit_time": [
      32898.91740193367
    ],
    "std_fit_time": [
      121.71208237075696
    ],
    "mean_score_time": [
      1.9545365810394286
    ],
    "std_score_time": [
      1.0189213553840137
    ],
    "params": [
      {}
    ],
    "split0_test_score": [
      0.8323298096656799
    ],
    "split1_test_score": [
      0.9087540507316589
    ],
    "split2_test_score": [
      0.907364547252655
    ],
    "split3_test_score": [
      0.9096804261207581
    ],
    "split4_test_score": [
      0.9077849984169006
    ],
    "mean_test_score": [
      0.8931827664375305
    ],
    "std_test_score": [
      0.030437043559900658
    ],
    "rank_test_score": [
      1
    ]
  },
  "model_file": null
}