{
  "method": "Support Vector Machines",
  "seed": 42,
  "library": "psf",
  "sample_rate": 24000,
  "sizes": [
    10794,
    65,
    65
  ],
  "score_train": 1.0,
  "score_test": 0.16923076923076924,
  "timestamp": 1623722932.8131187,
  "params": {
    "C": 10,
    "decision_function_shape": "ovo",
    "kernel": "linear"
  },
  "cv_results": {
    "mean_fit_time": [
      225.3238311767578
    ],
    "std_fit_time": [
      43.58723797124033
    ],
    "mean_score_time": [
      45.63500599861145
    ],
    "std_score_time": [
      7.989173298277674
    ],
    "param_C": [
      10
    ],
    "param_decision_function_shape": [
      "ovo"
    ],
    "param_kernel": [
      "linear"
    ],
    "params": [
      {
        "C": 10,
        "decision_function_shape": "ovo",
        "kernel": "linear"
      }
    ],
    "split0_test_score": [
      0.8188976377952756
    ],
    "split1_test_score": [
      0.8763316350162113
    ],
    "split2_test_score": [
      0.8675312644742936
    ],
    "split3_test_score": [
      0.8800370541917555
    ],
    "split4_test_score": [
      0.865616311399444
    ],
    "mean_test_score": [
      0.861682780575396
    ],
    "std_test_score": [
      0.022053181937249207
    ],
    "rank_test_score": [
      1
    ]
  },
  "model_file": null
}