{
  "method": "Support Vector Machines",
  "seed": 42,
  "library": "mixed",
  "sample_rate": 24000,
  "sizes": [
    10794,
    3599,
    3599
  ],
  "score_train": 1.0,
  "score_test": 0.8891358710752987,
  "timestamp": 1623739683.7449932,
  "params": {
    "C": 10,
    "decision_function_shape": "ovo",
    "kernel": "linear"
  },
  "cv_results": {
    "mean_fit_time": [
      3840.2885171890257
    ],
    "std_fit_time": [
      743.5817626028963
    ],
    "mean_score_time": [
      412.93725128173827
    ],
    "std_score_time": [
      89.96514402840265
    ],
    "param_C": [
      10
    ],
    "param_decision_function_shape": [
      "ovo"
    ],
    "param_kernel": [
      "linear"
    ],
    "params": [
      {
        "C": 10,
        "decision_function_shape": "ovo",
        "kernel": "linear"
      }
    ],
    "split0_test_score": [
      0.8179712830013895
    ],
    "split1_test_score": [
      0.8823529411764706
    ],
    "split2_test_score": [
      0.8744789254284391
    ],
    "split3_test_score": [
      0.8865215377489578
    ],
    "split4_test_score": [
      0.8721037998146431
    ],
    "mean_test_score": [
      0.86668569743398
    ],
    "std_test_score": [
      0.024908261669490523
    ],
    "rank_test_score": [
      1
    ]
  },
  "model_file": null
}