{
  "method": "Support Vector Machines",
  "language": "mixed",
  "seed": 42,
  "library": "melbanks",
  "sample_rate": 24000,
  "sizes": [
    10794,
    65,
    65
  ],
  "score_train": 1.0,
  "score_test": 0.015384615384615385,
  "timestamp": 1624554969.4470377,
  "params": {
    "C": 10,
    "decision_function_shape": "ovo",
    "kernel": "linear"
  },
  "cv_results": {
    "mean_fit_time": [
      4157.124809598923
    ],
    "std_fit_time": [
      335.56878944889786
    ],
    "mean_score_time": [
      381.2937131404877
    ],
    "std_score_time": [
      32.28707467226069
    ],
    "param_C": [
      10
    ],
    "param_decision_function_shape": [
      "ovo"
    ],
    "param_kernel": [
      "linear"
    ],
    "params": [
      {
        "C": 10,
        "decision_function_shape": "ovo",
        "kernel": "linear"
      }
    ],
    "split0_test_score": [
      0.5145900880037054
    ],
    "split1_test_score": [
      0.5266327003242242
    ],
    "split2_test_score": [
      0.5284854099119963
    ],
    "split3_test_score": [
      0.5308012968967114
    ],
    "split4_test_score": [
      0.5097312326227988
    ],
    "mean_test_score": [
      0.5220481455518872
    ],
    "std_test_score": [
      0.008323498541630454
    ],
    "rank_test_score": [
      1
    ]
  },
  "model_file": null
}