{
  "method": "Support Vector Machines",
  "seed": 42,
  "library": "melbanks",
  "sample_rate": 24000,
  "sizes": [
    10794,
    65,
    65
  ],
  "score_train": 1.0,
  "score_test": 0.046153846153846156,
  "timestamp": 1623730250.0540571,
  "params": {
    "C": 10,
    "decision_function_shape": "ovo",
    "kernel": "linear"
  },
  "cv_results": {
    "mean_fit_time": [
      3226.57726893425
    ],
    "std_fit_time": [
      611.2825564442749
    ],
    "mean_score_time": [
      308.82808780670166
    ],
    "std_score_time": [
      20.92231322106643
    ],
    "param_C": [
      10
    ],
    "param_decision_function_shape": [
      "ovo"
    ],
    "param_kernel": [
      "linear"
    ],
    "params": [
      {
        "C": 10,
        "decision_function_shape": "ovo",
        "kernel": "linear"
      }
    ],
    "split0_test_score": [
      0.48355720240852246
    ],
    "split1_test_score": [
      0.5192218619731357
    ],
    "split2_test_score": [
      0.5206113941639648
    ],
    "split3_test_score": [
      0.5224641037517369
    ],
    "split4_test_score": [
      0.4879518072289157
    ],
    "mean_test_score": [
      0.506761273905255
    ],
    "std_test_score": [
      0.017238885822694536
    ],
    "rank_test_score": [
      1
    ]
  },
  "model_file": null
}