{
  "method": "Perceptron",
  "language": "mixed",
  "seed": 42,
  "library": "psf",
  "sample_rate": 24000,
  "sizes": [
    10794,
    65,
    65
  ],
  "score_train": 1.0,
  "score_test": 0.5230769515037537,
  "timestamp": 1624464374.108422,
  "params": {},
  "cv_results": {
    "mean_fit_time": [
      5257.612764024734
    ],
    "std_fit_time": [
      9.971622532601295
    ],
    "mean_score_time": [
      0.5288258552551269
    ],
    "std_score_time": [
      0.25308691871478883
    ],
    "params": [
      {}
    ],
    "split0_test_score": [
      0.7665585875511169
    ],
    "split1_test_score": [
      0.8082445859909058
    ],
    "split2_test_score": [
      0.8110235929489136
    ],
    "split3_test_score": [
      0.8170449137687683
    ],
    "split4_test_score": [
      0.8132529854774475
    ],
    "mean_test_score": [
      0.8032249331474304
    ],
    "std_test_score": [
      0.018557966519337686
    ],
    "rank_test_score": [
      1
    ]
  },
  "model_file": null
}